round,slice,frame,object_ref,cell,what,why,severity,owner,rule_id,evidence,action,rules_version,note
r1_craft,B1-dense,adasind_012570.jpg,L1+R9,na,BOX_GEOMETRY,,,,,,,,
r1_craft,B1-dense,adasind_012570.jpg,R6,na,MISSING,,,,,,,,
r1_craft,B1-dense,adasind_036720.jpg,L4,na,SPURIOUS,E1_annotator_error,P2,annotator,R01,submission/r1_craft/selfqc.md,keep_with_reason,v1.0.0,Box dưới H=40 đã được phát hiện khi self-QC và giữ có ghi lý do
r2_qa,B1-dense,adasind_012570.jpg,L2,L_only,SPURIOUS,,,qa,R01,submission/r2_qa/qa_overlay.html,keep_with_reason,v1.0.0,Cold review: box cao khoảng 28.7 px; cần xác nhận phạm vi H=40
r2_qa,B1-dense,adasind_036720.jpg,L4,L_only,SPURIOUS,,,qa,R01,submission/r2_qa/qa_overlay.html,keep_with_reason,v1.0.0,Cold review: box cao khoảng 19.5 px; cần xác nhận phạm vi H=40
r2_qa,B3-mid,adasind_128310.jpg,L5,L_only,WRONG_CLASS,,,qa,R04,submission/r2_qa/qa_overlay.html,rework,v1.0.0,Ảnh cho thấy hình dáng ThreeWheeler nhưng nhãn hiện tại là Car
r2_qa,B3-mid,adasind_128310.jpg,L6,L_only,IGNORE_SCOPE,,,qa,R09,submission/r2_qa/qa_overlay.html,escalate,v1.0.0,Box Truck mép trái chồng vùng ego/Pedestrian; cần người gán xác nhận vật độc lập
r2_qa,B3-mid,adasind_140160.jpg,L2,L_only,SPURIOUS,,,qa,R01,submission/r2_qa/qa_overlay.html,rework,v1.0.0,Box Bike cao khoảng 28.3 px dưới H=40
r2_qa,B3-mid,adasind_140160.jpg,L3,L_only,DUPLICATE,,,qa,R01,submission/r2_qa/qa_overlay.html,rework,v1.0.0,Box Truck cao khoảng 23.1 px và gần như nằm trong box Truck L4
r3_diag,B1-dense,adasind_001320.jpg,L5+R6,LR_noM,MISSING,E4_model_domain,P2,ai_team,R02,submission/r3_diag/model_compare.html,keep_with_reason,v1.0.0,L và R đồng ý; model bỏ sót trong mẫu lỗi lặp lại nhiều frame
r3_diag,B1-dense,adasind_001320.jpg,L6+R3,LR_noM,MISSING,E4_model_domain,P2,ai_team,R02,submission/r3_diag/model_compare.html,keep_with_reason,v1.0.0,L và R đồng ý; model bỏ sót trong mẫu lỗi lặp lại nhiều frame
r3_diag,B1-dense,adasind_001320.jpg,L4+R5,LR_noM,MISSING,E4_model_domain,P2,ai_team,R02,submission/r3_diag/model_compare.html,keep_with_reason,v1.0.0,L và R đồng ý; model bỏ sót trong mẫu lỗi lặp lại nhiều frame
r3_diag,B1-dense,adasind_001320.jpg,M3,M_only,SPURIOUS,E4_model_domain,P2,ai_team,R02,submission/r3_diag/model_compare.html,keep_with_reason,v1.0.0,Chỉ model thấy; không sửa nhãn L khi ảnh và reference không xác nhận
r3_diag,B1-dense,adasind_001320.jpg,M5,M_only,SPURIOUS,E4_model_domain,P2,ai_team,R02,submission/r3_diag/model_compare.html,keep_with_reason,v1.0.0,Chỉ model thấy; không sửa nhãn L khi ảnh và reference không xác nhận
r3_diag,B1-dense,adasind_001320.jpg,M6,M_only,SPURIOUS,E4_model_domain,P2,ai_team,R02,submission/r3_diag/model_compare.html,keep_with_reason,v1.0.0,Chỉ model thấy; không sửa nhãn L khi ảnh và reference không xác nhận
r3_diag,B1-dense,adasind_012570.jpg,L4+R4,LR_noM,MISSING,E4_model_domain,P2,ai_team,R02,submission/r3_diag/model_compare.html,keep_with_reason,v1.0.0,L và R đồng ý; model bỏ sót
r3_diag,B1-dense,adasind_012570.jpg,L1+M12,LM_noR,SPURIOUS,E0_reference_defect,P1,qa,R01,submission/r3_diag/model_compare.html,escalate,v1.0.0,L và M cùng thấy vật nhưng reference thiếu; cần QA xác nhận reference
r3_diag,B1-dense,adasind_012570.jpg,R6,R_only,MISSING,E1_annotator_error,P1,annotator,R01,submission/r1_craft/compare.html,rework,v1.0.0,Reference có vật trong phạm vi nhưng L bỏ sót
r3_diag,B1-dense,adasind_012570.jpg,R9+M13,RM_noL,MISSING,E1_annotator_error,P1,annotator,R01,submission/r3_diag/model_compare.html,rework,v1.0.0,Reference và model cùng thấy nhưng L bỏ sót
r3_diag,B1-dense,adasind_012570.jpg,M7,M_only,SPURIOUS,E4_model_domain,P2,ai_team,R02,submission/r3_diag/model_compare.html,keep_with_reason,v1.0.0,Chỉ model thấy trong vùng center
r3_diag,B1-dense,adasind_012570.jpg,M8,M_only,SPURIOUS,E4_model_domain,P2,ai_team,R02,submission/r3_diag/model_compare.html,keep_with_reason,v1.0.0,Chỉ model thấy trong vùng center
r3_diag,B1-dense,adasind_012570.jpg,M10,M_only,SPURIOUS,E4_model_domain,P2,ai_team,R02,submission/r3_diag/model_compare.html,keep_with_reason,v1.0.0,Chỉ model thấy trong vùng center
r3_diag,B1-dense,adasind_012570.jpg,M11,M_only,SPURIOUS,E4_model_domain,P2,ai_team,R02,submission/r3_diag/model_compare.html,keep_with_reason,v1.0.0,Chỉ model thấy trong vùng center
r3_diag,B1-dense,adasind_036720.jpg,L2+R4,LR_noM,MISSING,E4_model_domain,P2,ai_team,R02,submission/r3_diag/model_compare.html,keep_with_reason,v1.0.0,L và R đồng ý; model bỏ sót ở edge
r3_diag,B1-dense,adasind_036720.jpg,L3+R3,LR_noM,MISSING,E4_model_domain,P2,ai_team,R02,submission/r3_diag/model_compare.html,keep_with_reason,v1.0.0,L và R đồng ý; model bỏ sót
r3_diag,B1-dense,adasind_036720.jpg,L1+R1,LR_noM,MISSING,E4_model_domain,P2,ai_team,R02,submission/r3_diag/model_compare.html,keep_with_reason,v1.0.0,L và R đồng ý; model bỏ sót
r3_diag,B1-dense,adasind_036720.jpg,M1,M_only,SPURIOUS,E4_model_domain,P2,ai_team,R02,submission/r3_diag/model_compare.html,keep_with_reason,v1.0.0,Chỉ model thấy ở vùng edge
r3_diag,B1-dense,adasind_036720.jpg,M2,M_only,SPURIOUS,E4_model_domain,P2,ai_team,R02,submission/r3_diag/model_compare.html,keep_with_reason,v1.0.0,Chỉ model thấy ở vùng edge
r3_diag,B1-dense,adasind_036720.jpg,M4,M_only,SPURIOUS,E4_model_domain,P2,ai_team,R02,submission/r3_diag/model_compare.html,keep_with_reason,v1.0.0,Chỉ model thấy ở vùng center
r3_diag,B1-dense,adasind_036720.jpg,M6,M_only,SPURIOUS,E4_model_domain,P2,ai_team,R02,submission/r3_diag/model_compare.html,keep_with_reason,v1.0.0,Chỉ model thấy ở vùng edge
r1_craft,B1-dense,adasind_012570.jpg,L2+R9,na,BOX_GEOMETRY,,,,,,,,
r3_diag,B1-dense,adasind_001320.jpg,L2+R6,LR_noM,MISSING,E4_model_domain,P2,ai_team,R02,submission/r3_diag/model_compare.html,keep_with_reason,v1.0.0,L và R đồng ý; model bỏ sót trong mẫu lặp lại nhiều frame
r3_diag,B1-dense,adasind_001320.jpg,L3+R3,LR_noM,MISSING,E4_model_domain,P2,ai_team,R02,submission/r3_diag/model_compare.html,keep_with_reason,v1.0.0,L và R đồng ý; model bỏ sót trong mẫu lặp lại nhiều frame
r3_diag,B1-dense,adasind_001320.jpg,L6+R5,LR_noM,MISSING,E4_model_domain,P2,ai_team,R02,submission/r3_diag/model_compare.html,keep_with_reason,v1.0.0,L và R đồng ý; model bỏ sót trong mẫu lặp lại nhiều frame
r3_diag,B1-dense,adasind_012570.jpg,L4+R6,LR_noM,MISSING,E4_model_domain,P2,ai_team,R02,submission/r3_diag/model_compare.html,keep_with_reason,v1.0.0,L và R đồng ý; model bỏ sót
r3_diag,B1-dense,adasind_012570.jpg,L6+R4,LR_noM,MISSING,E4_model_domain,P2,ai_team,R02,submission/r3_diag/model_compare.html,keep_with_reason,v1.0.0,L và R đồng ý; model bỏ sót
r3_diag,B1-dense,adasind_012570.jpg,L2+M12,LM_noR,SPURIOUS,E0_reference_defect,P1,qa,R01,submission/r3_diag/model_compare.html,escalate,v1.0.0,L và M cùng thấy vật nhưng reference thiếu; cần QA xác nhận reference
r3_diag,B1-dense,adasind_036720.jpg,L2+R1,LR_noM,MISSING,E4_model_domain,P2,ai_team,R02,submission/r3_diag/model_compare.html,keep_with_reason,v1.0.0,L và R đồng ý; model bỏ sót
r3_diag,B1-dense,adasind_036720.jpg,L4+R4,LR_noM,MISSING,E4_model_domain,P2,ai_team,R02,submission/r3_diag/model_compare.html,keep_with_reason,v1.0.0,L và R đồng ý; model bỏ sót
